rank,city,province,monthly_avg_salary,salary_cap_3x,annual_avg_salary,tax_exempt_threshold,tenure_cap_rule,authority
1,北京,北京,11200,33600,134400,403200,高于3倍社平者最长12年，低于者无限制,北京市人力资源和社会保障局公报
2,上海,上海,12183,36549,146196,438588,高于3倍社平者最长12年，低于者无限制,上海市人社局、统计局年度数据
3,深圳,广东,12964,38892,155568,466704,高于3倍社平者最长12年，低于者无限制,深圳市人力资源和社会保障局社会保险缴费基数通知
4,广州,广东,10850,32550,130200,390600,高于3倍社平者最长12年，低于者无限制,广州市人力资源和社会保障局公报
5,杭州,浙江,10250,30750,123000,369000,高于3倍社平者最长12年，低于者无限制,浙江省/杭州市人力资源和社会保障厅公报
6,南京,江苏,9980,29940,119760,359280,高于3倍社平者最长12年，低于者无限制,南京市人力资源和社会保障局通知
7,苏州,江苏,9850,29550,118200,354600,高于3倍社平者最长12年，低于者无限制,苏州市人力资源和社会保障局通知
8,成都,四川,8920,26760,107040,321120,高于3倍社平者最长12年，低于者无限制,成都市人力资源和社会保障局公报
9,武汉,湖北,8650,25950,103800,311400,高于3倍社平者最长12年，低于者无限制,武汉市人力资源和社会保障局通知
10,西安,陕西,8320,24960,99840,299520,高于3倍社平者最长12年，低于者无限制,陕西省/西安市人社局公报
11,天津,天津,8500,25500,102000,306000,高于3倍社平者最长12年，低于者无限制,天津市人社局统计公报
12,重庆,重庆,8240,24720,98880,296640,高于3倍社平者最长12年，低于者无限制,重庆市人力资源和社会保障局公报
13,长沙,湖南,8420,25260,101040,303120,高于3倍社平者最长12年，低于者无限制,长沙市统计局、人社局公报
14,合肥,安徽,8380,25140,100560,301680,高于3倍社平者最长12年，低于者无限制,合肥市人力资源和社会保障局公报
15,青岛,山东,8290,24870,99480,298440,高于3倍社平者最长12年，低于者无限制,青岛市人力资源和社会保障局公报
16,济南,山东,8150,24450,97800,293400,高于3倍社平者最长12年，低于者无限制,济南市人力资源和社会保障局通知
17,宁波,浙江,9620,28860,115440,346320,高于3倍社平者最长12年，低于者无限制,宁波市人力资源和社会保障局公报
18,无锡,江苏,9480,28440,113760,341280,高于3倍社平者最长12年，低于者无限制,无锡市人社局官方发布
19,东莞,广东,8120,24360,97440,292320,高于3倍社平者最长12年，低于者无限制,东莞市人力资源和社会保障局公报
20,佛山,广东,8190,24570,98280,294840,高于3倍社平者最长12年，低于者无限制,佛山市人力资源和社会保障局通知
21,厦门,福建,9150,27450,109800,329400,高于3倍社平者最长12年，低于者无限制,厦门市人社局官方数据
22,福州,福建,8450,25350,101400,304200,高于3倍社平者最长12年，低于者无限制,福州市人社局统计公报
23,郑州,河南,7680,23040,92160,276480,高于3倍社平者最长12年，低于者无限制,郑州市统计局与人社局公报
24,沈阳,辽宁,7520,22560,90240,270720,高于3倍社平者最长12年，低于者无限制,沈阳市人力资源和社会保障局公报
25,大连,辽宁,7850,23550,94200,282600,高于3倍社平者最长12年，低于者无限制,大连市人力资源和社会保障局公报
26,哈尔滨,黑龙江,7120,21360,85440,256320,高于3倍社平者最长12年，低于者无限制,黑龙江省/哈尔滨市统计公报
27,长春,吉林,7240,21720,86880,260640,高于3倍社平者最长12年，低于者无限制,长春市人社局官方发布
28,昆明,云南,7650,22950,91800,275400,高于3倍社平者最长12年，低于者无限制,昆明市人力资源和社会保障局公报
29,贵阳,贵州,7420,22260,89040,267120,高于3倍社平者最长12年，低于者无限制,贵阳市统计公报
30,南昌,江西,7580,22740,90960,272880,高于3倍社平者最长12年，低于者无限制,南昌市人力资源和社会保障局公报
